group,id,path,status,total,passed,referenceComplete,counts,missing,extra,duplicates,outsideTolerance,elapsedSeconds,peakRssMiB,paletteRejected
foundation,S00,参考样例/MARD221色卡-用户提供.png,failed,null,,,,,,,,0.23,102.39,true
foundation,S01,参考样例/参考图纸/0b1f1c09f7d13072aadf70ca571f56fb.jpg,partial,2499,true,true,"{""C2"":401,""C4"":805,""C6"":78,""C7"":193,""C17"":90,""C20"":181,""F3"":41,""F16"":37,""F19"":15,""G9"":188,""H2"":347,""H7"":123}",[],[],[],{},2.886,108.49,
foundation,S02,参考样例/参考图纸/0f9c9de0a1326f34a061343d1eca031e.jpg,partial,915,true,true,"{""A16"":44,""A24"":201,""C14"":184,""C16"":70,""C20"":168,""H2"":248}",[],[],[],{},0.266,107.04,
foundation,S03,参考样例/参考图纸/1789460416312_afb8306d-128b-44ba-895c-778e5132756e_1833367752401994129_1080x1421.webp,partial,25250,false,false,"{""A6"":50,""A7"":1,""A12"":5,""A14"":24,""A16"":37,""A19"":2,""A21"":892,""A24"":10,""B2"":37,""B5"":9,""B6"":5,""B7"":824,""B8"":1,""B9"":149,""B10"":280,""B11"":10,""B12"":43,""B19"":73,""B20"":91,""B21"":49,""B22"":65,""B24"":743,""B25"":10,""B27"":4,""B28"":68,""B31"":3,""C1"":64,""C2"":569,""C3"":270,""C4"":23,""C8"":706,""C10"":63,""C11"":1658,""C12"":200,""C13"":94,""C15"":2829,""C16"":2086,""C17"":749,""C18"":124,""C19"":2718,""C20"":505,""C21"":29,""C22"":429,""C23"":156,""C25"":157,""C26"":109,""C27"":37,""C29"":2024,""D2"":10,""D4"":331,""D5"":5,""D9"":6,""D10"":15,""D11"":117,""D12"":226,""D16"":15,""D17"":6,""D18"":24,""D19"":4931,""D22"":31,""D24"":15,""D26"":275,""E1"":155,""E2"":4}",[],[],[],{},1.378,148.24,
foundation,S04,参考样例/参考图纸/1789460425312_5bf77ed7-e5ad-48ad-88a4-e6edfa46a8ee_6334508569979175063_1080x1382.webp,partial,1936,true,true,"{""A17"":23,""B31"":586,""C2"":27,""D10"":13,""E8"":95,""E11"":9,""E15"":3,""E16"":282,""F19"":26,""F21"":112,""H2"":153,""H6"":33,""H7"":556,""M2"":15,""M12"":3}",[],[],[],{},0.478,122.54,
foundation,S05,参考样例/参考图纸/1789460436202_da4bad4a-d3c0-4a85-8099-70a93a6a28e8_3100086637806142701_1080x1559.webp,partial,3327,true,true,"{""A6"":7,""A10"":26,""A11"":5,""A13"":8,""A17"":3,""A20"":16,""A21"":10,""A23"":2,""C6"":28,""C16"":1,""C29"":111,""D22"":13,""E10"":11,""E11"":18,""E14"":20,""E16"":155,""E21"":3,""F1"":1,""F6"":17,""F7"":9,""F9"":28,""F11"":27,""F12"":41,""F13"":36,""F17"":5,""F18"":2,""F19"":12,""F20"":3,""F23"":25,""F25"":9,""G1"":2,""G4"":16,""G7"":35,""G8"":15,""G9"":4,""G10"":15,""G12"":7,""G13"":7,""G14"":89,""G17"":4,""H2"":479,""H3"":113,""H4"":68,""H5"":454,""H6"":27,""H7"":896,""H10"":8,""H16"":81,""H19"":36,""M7"":58,""M8"":6,""M9"":30,""M10"":2,""M12"":223}",[],[],[],{},0.833,130.11,
foundation,S06,参考样例/参考图纸/1789460446896_a901f316-66f5-4043-8e96-21b644233e67_2459062007486456381_1080x1312.webp,partial,1123,true,true,"{""F21"":11,""H3"":6,""H4"":87,""H5"":392,""H6"":542,""H7"":29,""H11"":4,""H22"":42,""M10"":10}",[],[],[],{},0.246,119.61,
foundation,S07,参考样例/参考图纸/1789460451978_0f4f36b7-2bd9-4807-a1f8-28f004f12181_2505600102636484886_1231x1080.webp,partial,882,true,true,"{""A9"":366,""A19"":28,""B24"":8,""C24"":31,""F1"":24,""F6"":22,""F14"":6,""F25"":12,""G8"":203,""G17"":35,""H12"":147}",[],[],[],{},0.327,120.88,
foundation,S08,参考样例/参考图纸/1789460452930_63b1dfe5-c883-416c-bdad-04c71844f593_593107803891654399_1080x1269.webp,partial,1339,true,true,"{""A9"":107,""B26"":117,""F11"":173,""F19"":79,""F25"":205,""G8"":240,""G15"":294,""M8"":17,""M14"":107}",[],[],[],{},0.328,120.96,
foundation,S09,参考样例/参考图纸/1789460455946_6ad97e24-7f1a-4357-a343-6757e32949c7_8221746137475426645_1080x1440.webp,partial,1144,true,true,"{""H2"":150,""M15"":147,""H12"":135,""H5"":134,""A25"":128,""D16"":94,""B23"":65,""G17"":65,""A1"":41,""H20"":29,""G18"":27,""A11"":21,""H10"":14,""G5"":13,""F21"":10,""E11"":8,""G16"":8,""M13"":7,""E15"":7,""H17"":6,""E20"":4,""E23"":4,""H4"":4,""E1"":4,""E21"":4,""M9"":4,""C24"":4,""F24"":3,""E8"":2,""E17"":2}",[],[],[],{},0.347,118.67,
foundation,S10,参考样例/参考图纸/1789460459859_9544093a-b7c6-4d22-8b6a-5714f38b76fc_7756031990744861974_1080x1440.webp,partial,1143,true,true,"{""H2"":243,""H6"":186,""H5"":150,""M15"":104,""H14"":103,""H19"":75,""H7"":65,""H10"":33,""G9"":32,""H3"":27,""G17"":25,""M9"":22,""F20"":11,""E15"":8,""H17"":8,""E1"":6,""G16"":6,""G4"":5,""H12"":5,""F16"":4,""G5"":4,""B11"":4,""B26"":4,""G7"":4,""H16"":3,""E17"":2,""E8"":2,""E14"":1,""M12"":1}",[],[],[],{},0.372,119.86,
foundation,S11,参考样例/参考图纸/1789460465729_b4f8bf9d-2570-4684-b40a-25189483783c_5880820946873246126_1080x1331.webp,partial,943,true,true,"{""A25"":305,""F1"":240,""H16"":228,""F13"":149,""A19"":15,""H2"":6}",[],[],[],{},0.198,120.45,
foundation,S12,参考样例/参考图纸/1789460466748_112aee41-7688-44eb-97e7-c66e674f807b_1541671248427790876_1080x1331.webp,partial,943,true,true,"{""H2"":339,""F1"":264,""H16"":236,""F13"":104}",[],[],[],{},0.175,120.14,
foundation,S13,参考样例/参考图纸/1789460472494_12063f24-8bbe-4f9c-9366-ded5a39382dd_1794421956821516344_1080x1919.webp,partial,3840,true,true,"{""A23"":249,""C4"":154,""C6"":18,""C7"":88,""C12"":81,""C21"":138,""C24"":37,""C27"":56,""E11"":99,""E14"":571,""E15"":6,""E16"":371,""F14"":8,""F16"":1,""F19"":35,""F22"":18,""G3"":276,""G7"":103,""H2"":707,""H3"":16,""H4"":89,""H5"":185,""H6"":283,""H7"":208,""H18"":25,""H22"":14,""M15"":4}",[],[],[],{},6.311,139.33,
foundation,S14,参考样例/参考图纸/1789460476075_0dbf7801-f253-4f79-8001-c0def766910f_2011655912785230796_1080x2596.webp,partial,3262,true,true,"{""A11"":66,""A17"":26,""A20"":70,""A21"":114,""A25"":10,""B8"":39,""B14"":8,""C29"":113,""D4"":91,""E11"":67,""E14"":25,""E16"":303,""F7"":62,""F9"":33,""F14"":16,""F22"":24,""F25"":11,""G14"":202,""G17"":7,""H2"":275,""H3"":49,""H5"":206,""H6"":27,""H7"":515,""H10"":55,""H11"":34,""H16"":62,""M4"":39,""M8"":436,""M9"":35,""M12"":242}",[],[],[],{},0.66,140.83,
foundation,S15,参考样例/参考图纸/1789460481101_b54dc058-6cc5-4154-95bd-78739153d9bd_7846422086543622200_1080x1160.webp,partial,1273,true,true,"{""A3"":71,""A13"":76,""B11"":5,""B17"":60,""C4"":106,""C7"":79,""E11"":11,""E14"":8,""E16"":34,""F3"":43,""F5"":122,""F7"":28,""F8"":111,""H2"":6,""H4"":6,""H6"":25,""H7"":440,""M4"":22,""M8"":17,""M12"":3}",[],[],[],{},3.577,114.41,
foundation,S16,参考样例/参考图纸/5786c9b5571f6d080009e1a2b57e4354.jpg,partial,2226,true,true,"{""A17"":9,""A21"":9,""B10"":17,""B25"":27,""B28"":3,""B31"":774,""C2"":116,""C29"":4,""E2"":13,""E3"":59,""E16"":186,""E24"":52,""F12"":8,""F21"":30,""F25"":33,""H2"":147,""H5"":4,""H6"":66,""H7"":655,""M2"":14}",[],[],[],{},0.494,120.29,
foundation,S17,参考样例/参考图纸/ad530b447132caee70980f24046fefa9.jpg,partial,931,true,true,"{""A6"":225,""A11"":154,""F10"":78,""F23"":14,""G12"":253,""G15"":42,""G20"":165}",[],[],[],{},0.285,108.35,
foundation,S18,参考样例/豆画-Mard-148图纸样例.png,ready,148,true,true,"{""C2"":18,""C12"":3,""C16"":11,""C17"":12,""C19"":7,""C29"":18,""H2"":14,""H3"":5,""H7"":60}",[],[],[],{},1.423,193.32,
new37,N01,/tmp/pindou-issue8-v02/new30-reviewed/inputs/pixelbead-easy-heart.png,partial,931,true,true,"{""A14"":5,""A19"":54,""F13"":12,""F25"":20,""F3"":774,""F8"":66}",[],[],[],{},1.475,154.39,
new37,N02,/tmp/pindou-issue8-v02/new30-reviewed/inputs/pixelbead-pastel-rainbow-cloud.png,partial,616,false,true,"{""A20"":60,""B8"":41,""C10"":25,""F25"":100,""H18"":244,""H4"":3,""H6"":143}","[""P5""]",[],[],{},1.099,129.45,
new37,N03,/tmp/pindou-issue8-v02/new30-reviewed/inputs/pixelbead-butterfly.png,partial,659,false,true,"{""B26"":1,""G10"":33,""G14"":47,""G17"":9,""G21"":3,""H11"":1,""H14"":5,""H15"":5,""H2"":8,""H20"":7,""H3"":2,""H4"":5,""H5"":202,""H6"":34,""H9"":5,""M1"":1,""M15"":37,""M3"":249,""M9"":5}","[""P2"",""P5"",""P9"",""R13"",""R21"",""R3""]",[],[],{},2.114,164.62,
new37,N04,/tmp/pindou-issue8-v02/new30-reviewed/inputs/pixelbead-bunny-with-carrot.png,partial,1578,false,true,"{""B8"":59,""F22"":116,""H18"":743,""H6"":660}","[""P3"",""P5"",""R27""]",[],[],{},2.772,163.25,
new37,N05,/tmp/pindou-issue8-v02/new30-reviewed/inputs/pixelbead-cute-dog.png,partial,584,false,true,"{""E4"":12,""E5"":10,""F17"":10,""F18"":8,""G13"":31,""G14"":26,""G16"":32,""G17"":284,""G18"":33,""G3"":22,""G7"":20,""H5"":4,""H6"":47,""M14"":19,""M15"":11,""M4"":5,""M5"":2,""M7"":8}","[""P11"",""P7"",""R13"",""ZG2""]",[],[],"{""M14"":{""expected"":27,""actual"":19,""allowedError"":3}}",4.122,163.89,
new37,N06,/tmp/pindou-issue8-v02/new30-reviewed/inputs/pixelbead-christmas-tree.png,partial,628,false,true,"{""A17"":2,""A24"":4,""A26"":41,""A5"":21,""A8"":3,""B11"":11,""B12"":3,""B14"":3,""B17"":34,""B29"":4,""B8"":400,""E14"":11,""F24"":2,""F25"":22,""F5"":6,""G14"":43,""H11"":10,""M14"":2,""M9"":6}","[""P4"",""P8"",""R10"",""R5"",""ZG3""]",[],[],{},2.085,159.52,
new37,N07,/tmp/pindou-issue8-v02/new30-reviewed/inputs/pixelbead-funny-open-mouth-cat.png,partial,864,true,true,"{""E4"":8,""F11"":46,""F21"":31,""F5"":15,""F6"":34,""G11"":64,""H19"":503,""H7"":124,""M13"":38,""M7"":1}",[],[],[],{},1.416,146.5,
new37,N08,/tmp/pindou-issue8-v02/new30-reviewed/inputs/pixelbead-golden-haired-asteroid-prince.png,partial,857,false,true,"{""A17"":9,""A26"":26,""B12"":56,""B32"":38,""B8"":45,""C16"":25,""F25"":25,""F7"":6,""G11"":34,""G17"":27,""G3"":66,""H6"":286,""M15"":45,""M6"":169}","[""P16"",""P8""]",[],[],{},1.823,159.19,
new37,N09,/tmp/pindou-issue8-v02/new30-reviewed/inputs/bitbead-1432-original.png,partial,1432,true,true,"{""C20"":268,""F13"":315,""F15"":136,""F17"":90,""G11"":88,""H2"":61,""H7"":408,""M6"":66}",[],[],[],{},0.45,103.25,
new37,N10,/tmp/pindou-issue8-v02/new30-reviewed/inputs/bitbead-1433-original.png,partial,73,true,true,"{""A4"":38,""A7"":4,""H7"":31}",[],[],[],{},0.084,73.05,
new37,N11,/tmp/pindou-issue8-v02/new30-reviewed/inputs/bitbead-1434-original.png,partial,395,true,true,"{""A4"":19,""D3"":52,""E1"":4,""F5"":18,""H2"":176,""H7"":126}",[],[],[],{},0.184,80.88,
new37,N12,/tmp/pindou-issue8-v02/new30-reviewed/inputs/bitbead-1435-original.png,partial,1220,true,true,"{""A12"":4,""A13"":15,""A19"":7,""A23"":151,""A26"":1,""A6"":2,""C16"":112,""C20"":7,""C6"":28,""C7"":87,""D4"":97,""E23"":23,""F14"":91,""F7"":5,""H18"":2,""H2"":30,""H3"":136,""H7"":417,""M8"":5}",[],[],[],{},0.928,98.96,
new37,N13,/tmp/pindou-issue8-v02/new30-reviewed/inputs/bitbead-1436-original.png,partial,1075,true,true,"{""A14"":325,""B16"":6,""B17"":85,""D4"":8,""D7"":6,""F11"":10,""F13"":34,""F3"":63,""F5"":9,""F6"":34,""F7"":4,""F8"":9,""G1"":231,""G9"":3,""H16"":4,""H2"":1,""H7"":243}",[],[],[],{},0.478,98.49,
new37,N14,/tmp/pindou-issue8-v02/new30-reviewed/inputs/bitbead-1437-original.png,partial,2118,true,true,"{""F19"":9,""G2"":477,""G21"":40,""H16"":10,""H2"":724,""H3"":168,""H4"":67,""H7"":623}",[],[],[],{},0.554,112.93,
new37,N15,/tmp/pindou-issue8-v02/new30-reviewed/inputs/bitbead-1438-original.png,partial,472,true,true,"{""A4"":64,""A6"":50,""F10"":2,""G13"":14,""G5"":30,""G7"":19,""G8"":2,""G9"":22,""H2"":6,""H3"":120,""H4"":99,""H5"":39,""H7"":5}",[],[],[],{},0.372,87.46,
new37,N16,/tmp/pindou-issue8-v02/new30-reviewed/inputs/bitbead-1439-original.png,partial,1095,true,true,"{""F15"":17,""F7"":3,""F8"":1,""G11"":379,""H16"":4,""H2"":418,""H7"":273}",[],[],[],{},0.384,106.71,
new37,N17,/tmp/pindou-issue8-v02/new30-reviewed/inputs/bitbead-1449-original.png,partial,793,true,true,"{""A3"":38,""A4"":56,""A7"":64,""C10"":57,""D18"":57,""H2"":6,""H7"":515}",[],[],[],{},0.273,89.8,
new37,N18,/tmp/pindou-issue8-v02/new30-reviewed/inputs/bitbead-1450-original.png,partial,1700,true,true,"{""A5"":104,""D7"":83,""F14"":711,""F6"":35,""F9"":195,""G5"":76,""H2"":54,""H7"":442}",[],[],[],{},0.578,115.5,
new37,N19,/tmp/pindou-issue8-v02/new30-reviewed/inputs/bitbead-1452-original.png,partial,1923,true,true,"{""A17"":413,""A20"":190,""A26"":82,""A6"":107,""A7"":267,""B27"":72,""B32"":40,""E14"":4,""G10"":79,""G19"":86,""G6"":20,""G7"":49,""H13"":52,""H16"":462}",[],[],[],{},0.769,116.38,
new37,N20,/tmp/pindou-issue8-v02/new30-reviewed/inputs/bitbead-1453-original.png,partial,271,true,true,"{""D11"":1,""F14"":25,""H11"":84,""H12"":54,""H5"":27,""H7"":80}",[],[],[],{},0.188,82.26,
new37,N21,/tmp/pindou-issue8-v02/new30-reviewed/inputs/bitbead-1454-original.png,partial,403,true,true,"{""D16"":108,""H17"":2,""H20"":110,""H6"":48,""H7"":135}",[],[],[],{},0.286,79.51,
new37,N22,/tmp/pindou-issue8-v02/new30-reviewed/inputs/bitbead-1455-original.png,partial,842,true,true,"{""A10"":103,""B8"":28,""H2"":504,""H7"":207}",[],[],[],{},0.246,92.88,
new37,N23,/tmp/pindou-issue8-v02/new30-reviewed/inputs/bitbead-1456-original.png,partial,200,true,true,"{""A23"":2,""B11"":5,""B15"":1,""B25"":2,""B32"":1,""B8"":1,""F11"":19,""G13"":7,""G17"":4,""G21"":5,""G7"":11,""G8"":1,""H23"":67,""H4"":16,""H6"":55,""M15"":3}",[],[],[],{},0.277,76.72,
new37,N24,/tmp/pindou-issue8-v02/new30-reviewed/inputs/bitbead-1458-original.png,partial,732,true,true,"{""B12"":20,""B2"":72,""B3"":31,""B5"":373,""B8"":142,""C16"":1,""H2"":13,""H7"":80}",[],[],[],{},0.332,93.09,
new37,N25,/tmp/pindou-issue8-v02/new30-reviewed/inputs/bitbead-2001-original.png,partial,325,true,true,"{""C25"":33,""C3"":78,""F10"":12,""G11"":2,""H11"":1,""H14"":10,""H6"":88,""H7"":67,""H9"":9,""M4"":8,""M7"":17}",[],[],[],{},0.598,125.07,
new37,N26,/tmp/pindou-issue8-v02/new30-reviewed/inputs/bitbead-2002-original.png,partial,898,true,true,"{""H11"":40,""H16"":39,""H2"":14,""H4"":8,""H5"":330,""H6"":247,""H7"":108,""H9"":109,""M12"":2,""M3"":1}",[],[],[],{},0.459,103.27,
new37,N27,/tmp/pindou-issue8-v02/new30-reviewed/inputs/bitbead-2007-original.png,partial,1811,true,true,"{""C12"":5,""C16"":78,""C20"":415,""C22"":144,""C25"":167,""C3"":34,""C6"":82,""C7"":440,""E16"":122,""G11"":63,""H10"":81,""H17"":180}",[],[],[],{},0.753,114.18,
new37,N28,/tmp/pindou-issue8-v02/new30-reviewed/inputs/bitbead-3001-original.png,partial,725,true,true,"{""B22"":153,""B23"":49,""B9"":57,""H2"":24,""H5"":11,""H6"":35,""H7"":103,""M15"":293}",[],[],[],{},0.353,90.9,
new37,N29,/tmp/pindou-issue8-v02/new30-reviewed/inputs/pixelbead-smiling-sunflower.png,partial,996,true,true,"{""A20"":390,""B12"":18,""B8"":19,""F24"":10,""G14"":50,""G19"":114,""H6"":395}",[],[],[],{},1.42,153.18,
new37,N30,/tmp/pindou-issue8-v02/new30-reviewed/inputs/pixelbead-cute-cat-face.png,partial,1255,false,true,"{""A13"":24,""A26"":944,""B23"":4,""B26"":22,""E1"":11,""E14"":3,""E15"":58,""G10"":15,""G11"":3,""G12"":4,""G3"":3,""G4"":4,""G5"":23,""G6"":2,""H16"":7,""H20"":34,""H23"":5,""H7"":77,""M6"":7,""M7"":5}","[""P16"",""P17""]",[],[],{},2.717,160.55,
new37,N31,/tmp/pindou-issue8-v02/new30/bitbead-1441-labeled.png,partial,988,true,true,"{""F16"":15,""F20"":1,""G10"":60,""G6"":206,""H2"":295,""H22"":19,""H4"":166,""H5"":63,""H7"":163}",[],[],[],{},0.46,93.47,
new37,N32,/tmp/pindou-issue8-v02/new30/bitbead-1442-labeled.png,partial,1001,true,true,"{""E16"":319,""F16"":17,""F20"":1,""G16"":99,""G21"":33,""G4"":134,""H2"":214,""H22"":18,""H7"":166}",[],[],[],{},0.464,95.87,
new37,N33,/tmp/pindou-issue8-v02/new30/bitbead-1443-labeled.png,partial,988,true,true,"{""F16"":8,""F20"":1,""H14"":374,""H2"":210,""H22"":15,""H3"":69,""H7"":163,""M15"":148}",[],[],[],{},0.412,93.53,
new37,N34,/tmp/pindou-issue8-v02/new30/bitbead-1444-labeled.png,partial,988,true,true,"{""F16"":17,""F24"":1,""H2"":235,""H22"":18,""H3"":431,""H4"":123,""H7"":163}",[],[],[],{},0.361,93.63,
new37,N35,/tmp/pindou-issue8-v02/new30/bitbead-1451-labeled.png,partial,1432,true,true,"{""B5"":167,""C20"":268,""F13"":298,""F17"":23,""G11"":88,""H2"":157,""H7"":354,""M6"":77}",[],[],[],{},0.502,102.79,
new37,N36,/tmp/pindou-issue8-v02/new30/bitbead-1457-labeled.png,partial,154,true,true,"{""B10"":2,""B20"":4,""B21"":1,""B22"":2,""B25"":67,""B6"":2,""B7"":1,""B9"":69,""H13"":6}",[],[],[],{},0.276,77.72,
new37,N37,/tmp/pindou-issue8-v02/new30/bitbead-1445-labeled.png,partial,988,true,true,"{""F16"":8,""F20"":1,""G14"":189,""G16"":394,""G4"":78,""H2"":155,""H7"":163}",[],[],[],{},0.423,94.19,
validation100,M001,/tmp/pindou-issue8-100/collection-main/M001/chart.png,partial,2684,true,true,"{""A11"":11,""A12"":1,""A18"":214,""A2"":26,""A23"":3,""A24"":15,""A9"":5,""C12"":95,""C14"":13,""C21"":16,""C22"":7,""C23"":43,""C28"":129,""C29"":21,""C3"":32,""D1"":22,""D11"":93,""D2"":14,""D23"":145,""D8"":59,""E11"":15,""E16"":24,""E24"":25,""F1"":15,""F23"":4,""G16"":91,""G17"":87,""G2"":1,""H12"":4,""H14"":7,""H15"":7,""H18"":21,""H2"":10,""H20"":86,""H22"":7,""H23"":6,""H3"":230,""H4"":106,""H5"":205,""H6"":497,""H7"":96,""M1"":7,""M13"":9,""M15"":61,""M2"":17,""M3"":75,""M7"":7}",[],[],[],{},1.423,113.23,
validation100,M002,/tmp/pindou-issue8-100/collection-main/M002/chart.png,partial,6130,true,true,"{""A23"":38,""D16"":66,""E1"":18,""E11"":44,""E15"":3,""E16"":59,""E20"":14,""E21"":2,""E23"":5,""F14"":7,""F20"":5,""G1"":4,""G11"":2,""G14"":12,""G16"":32,""G17"":96,""G3"":22,""G4"":5,""H1"":994,""H10"":107,""H11"":19,""H12"":93,""H13"":140,""H14"":43,""H15"":39,""H16"":440,""H17"":200,""H19"":800,""H2"":377,""H20"":2,""H22"":32,""H23"":87,""H3"":57,""H4"":84,""H5"":180,""H6"":1071,""H7"":330,""H8"":74,""H9"":93,""M1"":50,""M10"":15,""M12"":58,""M15"":176,""M4"":47,""M5"":21,""M7"":49,""M8"":7,""M9"":11}",[],[],[],{},2.993,167.44,
validation100,M003,/tmp/pindou-issue8-100/collection-main/M003/chart.png,partial,996,true,true,"{""C12"":5,""C29"":201,""D2"":17,""D22"":89,""D24"":35,""G14"":9,""H19"":43,""H3"":21,""H7"":563,""M4"":13}",[],[],[],{},0.57,114.02,
validation100,M004,/tmp/pindou-issue8-100/collection-main/M004/chart.png,partial,571,true,true,"{""G14"":47,""G17"":40,""G3"":49,""G4"":105,""H16"":29,""H18"":101,""M4"":101,""M9"":99}",[],[],[],{},0.429,109.51,
validation100,M005,/tmp/pindou-issue8-100/collection-main/M005/chart.png,partial,1089,true,true,"{""H2"":196,""H7"":893}",[],[],[],{},0.142,109.51,
validation100,M006,/tmp/pindou-issue8-100/collection-main/M006/chart.png,partial,2243,true,true,"{""C29"":87,""D10"":67,""D7"":364,""E16"":338,""E23"":272,""H5"":336,""H6"":440,""H7"":27,""M12"":312}",[],[],[],{},0.792,124.05,
validation100,M007,/tmp/pindou-issue8-100/collection-main/M007/chart.png,partial,1379,true,true,"{""A14"":6,""A16"":9,""A17"":42,""A19"":2,""A21"":2,""A22"":7,""A24"":1,""A26"":276,""A4"":4,""A5"":17,""A6"":11,""A7"":87,""A8"":38,""B12"":4,""B15"":1,""B17"":1,""B21"":5,""B23"":6,""B32"":20,""B8"":1,""B9"":62,""F10"":3,""F11"":29,""F13"":2,""F18"":2,""G20"":22,""G6"":42,""G8"":1,""H17"":1,""H19"":2,""H2"":259,""H7"":414}",[],[],[],{},1.03,126.38,
validation100,M008,/tmp/pindou-issue8-100/collection-main/M008/chart.png,partial,3480,true,true,"{""B21"":100,""C19"":200,""C26"":717,""G13"":347,""G14"":241,""G17"":513,""G7"":289,""H6"":406,""H7"":103,""M14"":564}",[],[],[],{},0.713,120.2,
validation100,M009,/tmp/pindou-issue8-100/collection-main/M009/chart.png,partial,1412,true,true,"{""A1"":326,""A12"":45,""A13"":30,""A16"":34,""A17"":31,""A2"":91,""A20"":56,""F3"":30,""G15"":49,""G20"":21,""G8"":140,""H13"":82,""H6"":172,""H7"":305}",[],[],[],{},0.929,116.83,
validation100,M010,/tmp/pindou-issue8-100/collection-main/M010/chart.png,partial,365,true,true,"{""A17"":115,""A20"":178,""H7"":72}",[],[],[],{},0.364,116.83,
validation100,M011,/tmp/pindou-issue8-100/collection-main/M011/chart.png,partial,3136,true,true,"{""H2"":732,""H20"":64,""H23"":78,""H3"":237,""H4"":111,""H5"":646,""H6"":476,""H7"":354,""M15"":438}",[],[],[],{},0.743,117.39,
validation100,M012,/tmp/pindou-issue8-100/collection-main/M012/chart.png,partial,2323,true,true,"{""E1"":180,""E15"":16,""F1"":20,""F11"":17,""F14"":13,""F20"":467,""F21"":592,""F22"":316,""F24"":263,""F6"":13,""F7"":7,""G14"":24,""G21"":26,""H10"":24,""H20"":14,""H3"":47,""H4"":48,""M12"":18,""M14"":11,""M8"":207}",[],[],[],{},1.082,120.47,
validation100,M013,/tmp/pindou-issue8-100/collection-main/M013/chart.png,partial,910,true,true,"{""E15"":4,""F10"":11,""F21"":7,""F24"":2,""G10"":63,""G12"":72,""G13"":9,""G19"":79,""G9"":50,""H1"":18,""H14"":13,""H2"":114,""H23"":29,""H3"":36,""H4"":46,""H5"":342,""H9"":4,""M15"":9,""M4"":2}",[],[],[],{},0.542,116.83,
validation100,M014,/tmp/pindou-issue8-100/collection-main/M014/chart.png,partial,35264,true,true,"{""A15"":25,""A22"":8,""A3"":9,""A4"":11,""B10"":27,""B11"":9,""B12"":5,""B15"":12,""B17"":302,""B18"":115,""B21"":36,""B22"":54,""B23"":168,""B24"":15,""B25"":32,""B27"":8,""B29"":199,""B30"":12,""B31"":13,""B32"":63,""B9"":13,""C1"":24,""C10"":49,""C12"":5728,""C13"":309,""C14"":780,""C16"":1746,""C17"":34,""C18"":1543,""C19"":21,""C2"":27,""C20"":573,""C21"":910,""C22"":123,""C23"":665,""C24"":522,""C25"":93,""C26"":85,""C27"":2422,""C28"":818,""C29"":1464,""C3"":201,""C4"":16,""C5"":11,""C6"":1144,""C7"":2266,""C8"":215,""C9"":21,""D1"":446,""D10"":149,""D11"":476,""D16"":618,""D17"":114,""D19"":73,""D2"":647,""D22"":173,""D23"":14,""D24"":1086,""D25"":11,""D3"":281,""D4"":506,""D6"":20,""D8"":18,""D9"":22,""E2"":22,""E20"":8,""E23"":37,""E24"":29,""H1"":28,""H10"":22,""H11"":25,""H14"":76,""H15"":217,""H17"":29,""H18"":21,""H2"":1054,""H20"":222,""H22"":82,""H23"":8,""H3"":32,""H4"":25,""H5"":150,""H6"":1539,""H7"":3540,""H8"":8,""H9"":99,""M1"":35,""M10"":31,""M11"":13,""M15"":10,""M2"":55,""M3"":231,""M5"":16}",[],[],[],{},21.696,253.91,
validation100,M015,/tmp/pindou-issue8-100/collection-main/M015/chart.png,partial,3364,true,true,"{""C29"":101,""D10"":807,""D22"":18,""D4"":122,""D7"":1117,""E13"":73,""F7"":20,""H7"":2,""M11"":996,""M12"":108}",[],[],[],{},0.708,229.11,
validation100,M016,/tmp/pindou-issue8-100/collection-main/M016/chart.png,partial,1112,true,true,"{""B11"":612,""B17"":104,""B22"":368,""B9"":12,""H2"":16}",[],[],[],{},0.414,229.11,
validation100,M017,/tmp/pindou-issue8-100/collection-main/M017/chart.png,partial,2743,true,true,"{""G10"":1359,""G4"":253,""H1"":5,""H2"":460,""H7"":645,""M13"":21}",[],[],[],{},0.629,229.11,
validation100,M018,/tmp/pindou-issue8-100/collection-main/M018/chart.png,partial,869,true,true,"{""A17"":131,""B13"":338,""F11"":15,""F14"":28,""G13"":7,""G2"":108,""G8"":225,""H18"":9,""H2"":8}",[],[],[],{},0.386,229.11,
validation100,M019,/tmp/pindou-issue8-100/collection-main/M019/chart.png,partial,3008,true,true,"{""A21"":573,""A25"":567,""C29"":12,""E14"":235,""F15"":60,""G1"":1052,""G3"":162,""H7"":140,""M14"":207}",[],[],[],{},0.72,229.11,
validation100,M020,/tmp/pindou-issue8-100/collection-main/M020/chart.png,partial,285,true,true,"{""B25"":4,""E20"":4,""E23"":1,""H20"":2,""H3"":193,""H4"":10,""H5"":67,""M10"":4}",[],[],[],{},0.226,229.11,
validation100,M021,/tmp/pindou-issue8-100/collection-main/M021/chart.png,partial,30030,true,true,"{""A1"":1,""A10"":92,""A12"":2,""A13"":2,""A14"":202,""A18"":136,""A20"":1,""A6"":1,""B26"":1,""E15"":3,""E17"":11,""F10"":22,""F11"":1197,""F13"":5,""F14"":2,""F15"":3060,""F16"":1,""F17"":2,""F19"":49,""F23"":1,""F24"":2,""F25"":9,""F3"":2,""F5"":3,""F6"":484,""F8"":6343,""F9"":2,""G10"":30,""G12"":102,""G13"":5,""G14"":16,""G15"":162,""G17"":3,""G18"":3,""G19"":12,""G20"":885,""G21"":2,""G3"":1,""G5"":5,""G6"":2437,""G7"":31,""G8"":16,""G9"":1,""H1"":15,""H10"":1,""H11"":1,""H12"":2,""H13"":4,""H16"":557,""H17"":8,""H18"":3,""H2"":2360,""H21"":14,""H23"":1,""H4"":42,""H5"":116,""H6"":1,""H7"":11472,""H8"":6,""M1"":3,""M12"":2,""M15"":30,""M5"":2,""M9"":43}",[],[],[],{},10.517,235.59,
validation100,M022,/tmp/pindou-issue8-100/collection-main/M022/chart.png,partial,491,true,true,"{""C24"":11,""C27"":259,""H2"":73,""H7"":148}",[],[],[],{},0.684,236.73,
validation100,M023,/tmp/pindou-issue8-100/collection-main/M023/chart.png,partial,127,true,true,"{""A10"":4,""A8"":1,""H16"":9,""H2"":7,""H5"":74,""H7"":32}",[],[],[],{},0.121,236.73,
validation100,M024,/tmp/pindou-issue8-100/collection-main/M024/chart.png,partial,168,true,true,"{""E15"":50,""E8"":20,""F21"":4,""F24"":46,""F9"":41,""H2"":7}",[],[],[],{},0.173,236.73,
validation100,M025,/tmp/pindou-issue8-100/collection-main/M025/chart.png,partial,1065,true,true,"{""A23"":27,""B11"":20,""B12"":25,""B15"":92,""B23"":15,""C18"":22,""F10"":16,""F11"":113,""F17"":9,""F19"":17,""F23"":10,""F6"":62,""G14"":27,""G16"":28,""G17"":65,""G21"":14,""G7"":8,""G8"":33,""H13"":176,""M12"":34,""M14"":158,""M2"":31,""M5"":15,""M7"":48}",[],[],[],{},0.79,236.73,
validation100,M026,/tmp/pindou-issue8-100/collection-main/M026/chart.png,partial,512,true,true,"{""D9"":63,""E2"":89,""E8"":166,""H2"":194}",[],[],[],{},0.491,236.73,
validation100,M027,/tmp/pindou-issue8-100/collection-main/M027/chart.png,partial,974,true,true,"{""B24"":65,""C29"":12,""D2"":38,""D7"":51,""H16"":4,""H6"":421,""H7"":383}",[],[],[],{},0.443,236.73,
validation100,M028,/tmp/pindou-issue8-100/collection-main/M028/chart.png,partial,2107,true,true,"{""A25"":13,""B22"":2,""B23"":4,""C18"":2,""C22"":2,""F10"":26,""F11"":85,""F6"":18,""G10"":1,""G13"":30,""G14"":206,""G17"":52,""G20"":156,""G21"":25,""G4"":323,""G5"":15,""G7"":29,""G8"":253,""H16"":146,""H5"":6,""H6"":113,""H7"":305,""M12"":38,""M13"":210,""M2"":3,""M7"":29,""M9"":15}",[],[],[],{},1.203,236.73,
validation100,M029,/tmp/pindou-issue8-100/collection-main/M029/chart.png,partial,2124,true,true,"{""A19"":5,""A23"":2,""B32"":18,""E14"":18,""F1"":10,""F11"":59,""F14"":2,""F17"":3,""G1"":175,""G14"":3,""G15"":15,""G18"":121,""G2"":41,""G8"":4,""H13"":22,""H14"":7,""H16"":68,""H18"":83,""H19"":151,""H2"":7,""H23"":5,""H5"":8,""H6"":13,""H7"":492,""H9"":10,""M12"":739,""M15"":6,""M4"":13,""M7"":19,""M8"":5}",[],[],[],{},1.0,236.73,
validation100,M030,/tmp/pindou-issue8-100/collection-main/M030/chart.png,partial,842,true,true,"{""A23"":38,""E1"":124,""E11"":92,""E14"":13,""E15"":103,""E16"":40,""F1"":36,""F14"":36,""F17"":3,""F20"":50,""G1"":73,""G2"":79,""G20"":25,""H18"":8,""H19"":18,""H2"":88,""H8"":16}",[],[],[],{},0.692,236.73,
validation100,M031,/tmp/pindou-issue8-100/collection-main/M031/chart.png,partial,771,true,true,"{""A8"":36,""B11"":146,""B15"":90,""B23"":2,""E14"":16,""F8"":55,""H11"":36,""H13"":102,""H19"":12,""H5"":71,""H6"":205}",[],[],[],{},0.329,236.73,
validation100,M032,/tmp/pindou-issue8-100/collection-main/M032/chart.png,partial,1615,true,true,"{""A11"":142,""A13"":2,""E2"":179,""E3"":121,""E4"":124,""F10"":129,""F14"":28,""F5"":44,""F9"":84,""H2"":305,""H7"":457}",[],[],[],{},0.656,236.73,
validation100,M033,/tmp/pindou-issue8-100/collection-main/M033/chart.png,partial,295,true,true,"{""A16"":2,""A17"":55,""G14"":4,""G5"":14,""H11"":19,""H4"":10,""H5"":34,""H7"":80,""H9"":77}",[],[],[],{},0.233,236.73,
validation100,M034,/tmp/pindou-issue8-100/collection-main/M034/chart.png,partial,1320,true,true,"{""A1"":4,""A17"":138,""A2"":4,""B11"":36,""B32"":454,""C13"":230,""C21"":288,""C24"":33,""H16"":11,""H2"":100,""H5"":22}",[],[],[],{},0.397,236.73,
validation100,M035,/tmp/pindou-issue8-100/collection-main/M035/chart.png,partial,866,true,true,"{""F15"":112,""F8"":2,""G5"":64,""H1"":24,""H16"":2,""H2"":249,""H7"":413}",[],[],[],{},0.282,236.73,
validation100,M036,/tmp/pindou-issue8-100/collection-main/M036/chart.png,partial,387,true,true,"{""C12"":77,""C29"":21,""C6"":30,""C8"":31,""D11"":36,""D2"":28,""D24"":39,""G8"":32,""H11"":22,""H14"":31,""H7"":40}",[],[],[],{},0.225,236.73,
validation100,M037,/tmp/pindou-issue8-100/collection-main/M037/chart.png,partial,373,true,true,"{""B9"":2,""E11"":40,""G14"":10,""G17"":98,""G2"":14,""G7"":15,""G8"":20,""H2"":4,""H3"":18,""H4"":19,""H6"":28,""H7"":97,""M12"":8}",[],[],[],{},0.328,236.73,
validation100,M038,/tmp/pindou-issue8-100/collection-main/M038/chart.png,partial,4096,true,true,"{""H10"":3,""H11"":48,""H14"":813,""H15"":1,""H16"":12,""H17"":1,""H2"":210,""H20"":1,""H23"":325,""H3"":47,""H4"":20,""H5"":139,""H6"":131,""H7"":397,""H9"":1666,""M1"":153,""M15"":129}",[],[],[],{},0.901,236.73,
validation100,M039,/tmp/pindou-issue8-100/collection-main/M039/chart.png,partial,3364,true,true,"{""A11"":1,""A23"":82,""A26"":27,""A4"":14,""E16"":112,""F6"":35,""G18"":39,""G4"":21,""H2"":207,""H23"":27,""H3"":56,""H4"":24,""H6"":368,""H7"":249,""M15"":2102}",[],[],[],{},0.79,236.73,
validation100,M040,/tmp/pindou-issue8-100/collection-main/M040/chart.png,partial,133,true,true,"{""A12"":10,""A19"":73,""A6"":40,""F5"":4,""H7"":6}",[],[],[],{},0.113,236.73,
validation100,M041,/tmp/pindou-issue8-100/collection-main/M041/chart.png,partial,282,true,true,"{""E16"":8,""E8"":54,""F21"":16,""G18"":93,""G8"":67,""M7"":44}",[],[],[],{},0.198,236.73,
validation100,M042,/tmp/pindou-issue8-100/collection-main/M042/chart.png,partial,519,true,true,"{""A13"":2,""B22"":27,""C28"":6,""C29"":4,""C3"":5,""D10"":29,""D8"":49,""D9"":162,""F22"":10,""G1"":49,""G17"":7,""G8"":2,""H12"":6,""H2"":17,""H22"":4,""H5"":9,""H6"":6,""H7"":125}",[],[],[],{},0.417,236.73,
validation100,M043,/tmp/pindou-issue8-100/collection-main/M043/chart.png,partial,1897,true,true,"{""A26"":211,""C9"":280,""H16"":590,""H2"":816}",[],[],[],{},0.475,236.73,
validation100,M044,/tmp/pindou-issue8-100/collection-main/M044/chart.png,partial,117,true,true,"{""A14"":6,""A26"":7,""A5"":18,""B5"":27,""C26"":6,""C7"":30,""F2"":12,""F3"":11}",[],[],[],{},0.201,236.73,
validation100,M046,/tmp/pindou-issue8-100/collection-main/M046/chart.png,partial,1095,true,true,"{""A1"":42,""A14"":27,""A6"":42,""C12"":28,""C20"":16,""C29"":47,""G15"":80,""G16"":53,""G18"":25,""G6"":67,""G7"":45,""G8"":181,""H7"":442}",[],[],[],{},0.67,236.73,
validation100,M047,/tmp/pindou-issue8-100/collection-main/M047/chart.png,partial,833,true,true,"{""A17"":90,""F11"":3,""F14"":18,""G17"":5,""G2"":67,""G8"":177,""H17"":23,""H2"":17,""H5"":45,""H6"":30,""H7"":358}",[],[],[],{},0.432,236.73,
validation100,M048,/tmp/pindou-issue8-100/collection-main/M048/chart.png,partial,285,true,true,"{""C18"":4,""E15"":4,""E21"":4,""H19"":105,""H5"":38,""H6"":67,""M4"":23,""M7"":40}",[],[],[],{},0.201,236.73,
validation100,M049,/tmp/pindou-issue8-100/collection-main/M049/chart.png,partial,223,true,true,"{""B12"":42,""B8"":31,""B9"":25,""H3"":8,""H7"":117}",[],[],[],{},0.133,236.73,
validation100,M050,/tmp/pindou-issue8-100/collection-main/M050/chart.png,partial,115,true,true,"{""C24"":115}",[],[],[],{},0.085,236.73,
validation100,M051,/tmp/pindou-issue8-100/collection-main/M051/chart.png,partial,382,true,true,"{""G12"":19,""H12"":109,""H17"":18,""H5"":88,""H7"":148}",[],[],[],{},0.171,236.73,
validation100,M052,/tmp/pindou-issue8-100/collection-main/M052/chart.png,partial,397,true,true,"{""E8"":172,""G7"":30,""H2"":195}",[],[],[],{},0.209,236.73,
validation100,M053,/tmp/pindou-issue8-100/collection-main/M053/chart.png,partial,3216,true,true,"{""D12"":54,""D16"":222,""D18"":76,""D19"":90,""D6"":39,""E10"":32,""E12"":561,""E17"":28,""E19"":100,""E20"":43,""E21"":32,""E22"":104,""E23"":27,""E4"":286,""E7"":92,""E8"":27,""H1"":146,""H10"":173,""H11"":98,""H12"":70,""H17"":139,""H2"":77,""H22"":226,""H3"":110,""H4"":43,""H8"":68,""H9"":98,""M10"":43,""M11"":112}",[],[],[],{},2.225,236.73,
validation100,M055,/tmp/pindou-issue8-100/collection-main/M055/chart.png,partial,1502,true,true,"{""A11"":271,""A15"":4,""A6"":451,""A8"":87,""G13"":181,""G9"":39,""H3"":81,""H7"":388}",[],[],[],{},0.472,236.73,
validation100,M056,/tmp/pindou-issue8-100/collection-main/M056/chart.png,partial,387,true,true,"{""B2"":18,""B3"":24,""B5"":116,""G8"":32,""H2"":121,""H7"":76}",[],[],[],{},0.181,236.73,
validation100,M057,/tmp/pindou-issue8-100/collection-main/M057/chart.png,partial,297,true,true,"{""A16"":54,""C3"":21,""C7"":16,""G8"":70,""H2"":136}",[],[],[],{},0.183,236.73,
validation100,M058,/tmp/pindou-issue8-100/collection-main/M058/chart.png,partial,1024,true,true,"{""H2"":223,""H7"":801}",[],[],[],{},0.139,236.73,
validation100,M059,/tmp/pindou-issue8-100/collection-main/M059/chart.png,partial,873,true,true,"{""A11"":25,""A21"":13,""B22"":42,""F1"":23,""F11"":20,""F7"":14,""G17"":43,""G2"":75,""G8"":124,""H12"":21,""H18"":169,""H19"":9,""H2"":149,""H6"":1,""H7"":76,""H9"":43,""M12"":26}",[],[],[],{},0.623,236.73,
validation100,M060,/tmp/pindou-issue8-100/collection-main/M060/chart.png,partial,116,true,true,"{""F11"":42,""F18"":33,""F22"":4,""H2"":32,""H7"":5}",[],[],[],{},0.119,236.73,
validation100,R001,/tmp/pindou-issue8-100/collection-main/R001/chart.png,partial,161,true,true,"{""A13"":6,""A16"":10,""A23"":23,""A4"":25,""C13"":18,""C4"":26,""F17"":1,""G1"":12,""G21"":4,""H1"":10,""H7"":26}",[],[],[],{},0.174,236.73,
validation100,R002,/tmp/pindou-issue8-100/collection-main/R002/chart.png,partial,308,true,true,"{""E12"":6,""E15"":185,""F14"":66,""F5"":47,""G14"":4}",[],[],[],{},0.113,236.73,
validation100,L001,/tmp/pindou-issue8-100/collection-luna/pixelbead-cute-orange-kitten.png,partial,1477,false,true,"{""B11"":20,""F11"":3,""G11"":169,""G16"":87,""G4"":388,""G9"":2,""M13"":40,""M2"":16,""M4"":671,""M9"":81}","[""G14"",""G17"",""G21"",""H16"",""P2"",""P22"",""R21"",""ZG2""]",[],[],"{""G11"":{""expected"":193,""actual"":169,""allowedError"":19.3},""G16"":{""expected"":301,""actual"":87,""allowedError"":30.1},""M13"":{""expected"":161,""actual"":40,""allowedError"":16.1}}",1.561,236.73,
validation100,L002,/tmp/pindou-issue8-100/collection-luna/pixelbead-cute-pink-fantasy-dragon.png,partial,1077,false,true,"{""B15"":2,""B23"":6,""E18"":111,""E21"":5,""F11"":223,""F21"":261,""G4"":101,""H13"":368}","[""P1"",""P22""]",[],[],{},1.533,236.73,
validation100,L003,/tmp/pindou-issue8-100/collection-luna/pixelbead-cute-shark-costume-cat.png,partial,555,false,true,"{""D10"":372,""F24"":33,""G16"":38,""H5"":34,""H7"":7,""H9"":71}","[""ZG5"",""ZG6""]",[],[],{},1.505,236.73,
validation100,L004,/tmp/pindou-issue8-100/collection-luna/pixelbead-easy-sitting-orange-cat.png,partial,252,false,true,"{""E14"":65,""F17"":98,""G3"":34,""G7"":10,""H7"":45}","[""R22"",""R25"",""T1""]",[],[],{},1.092,236.73,
validation100,L005,/tmp/pindou-issue8-100/collection-luna/pixelbead-forest-fairy-with-fawn.png,failed,null,false,true,{},"[""A17"",""A22"",""B11"",""B17"",""B23"",""B26"",""B32"",""F10"",""F11"",""F13"",""F17"",""G11"",""G13"",""G21"",""G4"",""G5"",""H13"",""H16"",""H19"",""M10"",""P8"",""Q2"",""R23"",""ZG5""]",[],[],{},2.46,236.73,
validation100,L007,/tmp/pindou-issue8-100/collection-luna/pixelbead-red-haired-anime-girl-portrait.png,failed,null,false,true,{},"[""A23"",""C22"",""C29"",""E11"",""F11"",""F19"",""F6"",""F7"",""F8"",""G14"",""G17"",""G8"",""H16"",""H19"",""H23"",""H4"",""H5"",""H6"",""M12"",""M14"",""M7"",""M9"",""P2"",""P22"",""P23"",""R12"",""R20"",""R25"",""R6"",""ZG2""]",[],[],{},2.52,236.73,
validation100,L008,/tmp/pindou-issue8-100/collection-luna/sxgrocery-pattern-367.png,partial,604,false,true,"{""H7"":162,""F6"":272,""F8"":138,""E15"":8,""F4"":20,""A6"":2,""A26"":2}","[""P16""]",[],[],{},0.29,236.73,
validation100,L009,/tmp/pindou-issue8-100/collection-luna/sxgrocery-pattern-418.png,partial,754,true,true,"{""H16"":213,""G17"":60,""G14"":67,""M9"":61,""M7"":168,""G18"":185}",[],[],[],{},0.305,236.73,
validation100,L010,/tmp/pindou-issue8-100/collection-luna/sxgrocery-pattern-489.png,partial,245,false,true,"{""H6"":149,""G14"":40,""F8"":30,""G10"":8,""A8"":18}","[""P16""]",[],[],{},0.196,236.73,
validation100,L011,/tmp/pindou-issue8-100/collection-luna/sxgrocery-pattern-318.png,partial,680,true,true,"{""H22"":319,""H7"":361}",[],[],[],{},0.328,236.73,
validation100,L012,/tmp/pindou-issue8-100/collection-luna/sxgrocery-pattern-322.png,partial,1849,true,true,"{""F11"":1629,""G11"":220}",[],[],[],{},0.284,236.73,
validation100,L013,/tmp/pindou-issue8-100/collection-luna/sxgrocery-pattern-344.png,partial,376,false,true,"{""H7"":150,""F8"":32,""H11"":91,""F4"":103}","[""R1""]",[],[],{},0.418,236.73,
validation100,L014,/tmp/pindou-issue8-100/collection-luna/sxgrocery-pattern-370.png,partial,445,true,true,"{""H7"":234,""F6"":151,""H3"":32,""M14"":4,""G3"":24}",[],[],[],{},0.261,236.73,
validation100,L015,/tmp/pindou-issue8-100/collection-luna/sxgrocery-pattern-395.png,partial,384,false,true,"{""H7"":196,""F10"":5,""C28"":101,""H22"":32,""G6"":13,""A10"":11,""A14"":26}","[""P5""]",[],[],{},0.33,236.73,
validation100,L016,/tmp/pindou-issue8-100/collection-luna/sxgrocery-pattern-400.png,partial,687,false,true,"{""H7"":577,""F4"":15,""F1"":34,""G2"":61}","[""P16"",""R1""]",[],[],{},0.533,236.73,
validation100,L017,/tmp/pindou-issue8-100/collection-luna/sxgrocery-pattern-468.png,partial,215,true,true,"{""H7"":128,""G13"":2,""G21"":12,""F8"":15,""F25"":30,""F13"":17,""A10"":2,""E19"":4,""A8"":5}",[],[],[],{},0.324,236.73,
validation100,L018,/tmp/pindou-issue8-100/collection-luna/sxgrocery-pattern-475.png,partial,383,true,true,"{""B8"":25,""H16"":214,""F25"":70,""E15"":6,""A20"":68}",[],[],[],{},0.313,236.73,
validation100,L019,/tmp/pindou-issue8-100/collection-luna/sxgrocery-pattern-482.png,partial,598,true,true,"{""H7"":209,""H16"":387,""A20"":2}",[],[],[],{},0.35,236.73,
validation100,L020,/tmp/pindou-issue8-100/collection-luna/sxgrocery-pattern-488.png,partial,302,false,true,"{""H7"":121,""C4"":109,""C3"":32,""M8"":5,""E21"":25,""E1"":10}","[""Y4""]",[],[],{},0.274,236.73,
validation100,L021,/tmp/pindou-issue8-100/collection-luna/sxgrocery-pattern-239.png,partial,705,false,true,"{""H7"":315,""C12"":89,""C18"":77,""B19"":128,""B7"":1,""B10"":31,""C1"":64}","[""R14"",""R7""]",[],[],{},0.303,236.73,
validation100,L023,/tmp/pindou-issue8-100/collection-luna/sxgrocery-pattern-467.png,partial,488,true,true,"{""B8"":12,""H16"":228,""F7"":17,""F8"":10,""B27"":20,""F25"":83,""F23"":34,""A6"":33,""A25"":32,""A21"":19}",[],[],[],{},0.392,236.73,
validation100,L024,/tmp/pindou-issue8-100/collection-luna/sxgrocery-pattern-469.png,partial,1016,true,true,"{""H7"":235,""G13"":51,""E4"":90,""G5"":203,""A1"":58,""A6"":63,""E19"":312,""A8"":4}",[],[],[],{},0.345,236.73,
validation100,L025,/tmp/pindou-issue8-100/collection-luna/sxgrocery-pattern-471.png,partial,267,false,true,"{""H7"":2,""C20"":68,""C29"":3,""D10"":79,""C7"":11,""F11"":8,""F6"":3,""F7"":13,""F8"":1,""F25"":69,""E18"":10}","[""Q3"",""R22""]",[],[],{},0.284,236.73,
validation100,L026,/tmp/pindou-issue8-100/collection-luna/sxgrocery-pattern-472.png,partial,572,false,true,"{""H7"":223,""H6"":1,""C29"":21,""C24"":101,""F7"":14,""F8"":107,""H22"":1,""F25"":91,""B18"":6,""H8"":1,""E15"":6}","[""P1"",""Y4""]",[],[],{},0.341,236.73,
validation100,L027,/tmp/pindou-issue8-100/collection-luna/sxgrocery-pattern-477.png,partial,977,false,true,"{""H16"":286,""C26"":346,""H3"":8,""E7"":17,""H22"":291,""G11"":19,""E1"":2,""E2"":8}","[""R7""]",[],[],{},0.395,236.73,
validation100,L028,/tmp/pindou-issue8-100/collection-luna/sxgrocery-pattern-479.png,partial,1138,true,true,"{""H6"":100,""C26"":15,""C22"":2,""E22"":81,""H22"":97,""G11"":43,""E12"":66,""E19"":361,""E2"":92,""E3"":276,""A20"":5}",[],[],[],{},0.457,236.73,
validation100,L029,/tmp/pindou-issue8-100/collection-luna/sxgrocery-pattern-486.png,partial,503,false,true,"{""H7"":182,""C26"":8,""C10"":63,""C4"":177,""H22"":7,""C13"":16,""F9"":21,""E4"":6,""H9"":7,""G12"":11,""A20"":5}","[""Y4""]",[],[],{},0.348,236.73,
validation100,L030,/tmp/pindou-issue8-100/collection-luna/sxgrocery-pattern-491.png,partial,549,false,true,"{""H16"":185,""M14"":1,""H22"":4,""F24"":11,""A10"":15,""E15"":4,""A1"":22,""A14"":7,""F14"":3,""A20"":24,""A21"":273}","[""P18"",""R5""]",[],[],{},0.43,236.73,
validation100,L031,/tmp/pindou-issue8-100/collection-luna/sxgrocery-pattern-433.png,partial,405,false,true,"{""C17"":66,""C20"":14,""C29"":77,""C7"":37,""G11"":12,""F13"":54,""A20"":134,""A11"":11}","[""P16""]",[],[],{},0.367,236.73,
validation100,L032,/tmp/pindou-issue8-100/collection-luna/sxgrocery-pattern-436.png,partial,1415,false,true,"{""H7"":3,""B8"":142,""H16"":170,""B15"":4,""B25"":304,""F11"":59,""B26"":78,""G7"":55,""M9"":6,""G13"":31,""G21"":5,""F18"":150,""G10"":87,""G2"":76,""A26"":97,""A25"":14,""G1"":57,""A21"":77}","[""P18"",""R22""]",[],[],{},0.493,236.73,
validation100,L033,/tmp/pindou-issue8-100/collection-luna/sxgrocery-pattern-437.png,partial,1366,false,true,"{""H7"":139,""C19"":58,""M2"":16,""F6"":271,""B32"":7,""C2"":13,""G13"":45,""G21"":2,""F8"":18,""H11"":23,""G10"":100,""F25"":147,""F13"":104,""A10"":67,""A20"":260,""G1"":2,""G18"":94}","[""R7""]",[],[],{},0.523,236.73,
validation100,L034,/tmp/pindou-issue8-100/collection-luna/sxgrocery-pattern-439.png,partial,585,true,true,"{""H16"":219,""B15"":46,""B11"":11,""B32"":109,""F25"":37,""E1"":43,""A26"":39,""E14"":7,""A8"":74}",[],[],[],{},0.302,236.73,
validation100,L035,/tmp/pindou-issue8-100/collection-luna/sxgrocery-pattern-442.png,partial,1889,false,true,"{""H7"":503,""H6"":11,""F11"":14,""M15"":602,""H4"":5,""F10"":196,""H20"":81,""M11"":9,""M6"":5,""M7"":1,""H11"":225,""G9"":43,""E4"":166,""F3"":7,""F4"":5,""G12"":16}","[""Q3"",""R1"",""R13"",""R22""]",[],[],{},0.593,236.73,
validation100,L036,/tmp/pindou-issue8-100/collection-luna/sxgrocery-pattern-446.png,partial,745,false,true,"{""H7"":210,""C17"":14,""C19"":125,""C10"":13,""F6"":18,""G7"":18,""C2"":137,""F8"":6,""H11"":40,""G10"":39,""A19"":9,""A3"":2,""A21"":7,""A2"":107}","[""R1""]",[],[],{},0.32,236.73,
validation100,L037,/tmp/pindou-issue8-100/collection-luna/sxgrocery-pattern-447.png,partial,928,false,true,"{""H7"":266,""C8"":93,""D15"":33,""C6"":6,""F6"":196,""H22"":115,""F18"":10,""F4"":20,""A12"":24,""G2"":93,""A26"":18,""E14"":54}","[""R1"",""R8""]",[],[],{},0.464,236.73,
validation100,L038,/tmp/pindou-issue8-100/collection-luna/sxgrocery-pattern-452.png,partial,1382,false,true,"{""H7"":406,""C20"":5,""C29"":95,""D10"":20,""C7"":7,""C6"":403,""D14"":44,""M11"":170,""C3"":110,""F24"":6,""C1"":1,""F4"":94,""A6"":14,""A26"":7}","[""P16"",""R1""]",[],[],{},0.469,236.73,
validation100,L039,/tmp/pindou-issue8-100/collection-luna/sxgrocery-pattern-454.png,partial,1570,false,true,"{""H7"":217,""C20"":10,""C19"":66,""B15"":6,""C29"":272,""F11"":33,""B11"":7,""F6"":54,""D1"":50,""E21"":26,""G10"":18,""G11"":127,""F13"":41,""F3"":76,""A10"":410,""F4"":98,""A26"":59}","[""P16"",""R1"",""R17"",""R22""]",[],[],{},0.757,236.73,
validation100,L040,/tmp/pindou-issue8-100/collection-luna/sxgrocery-pattern-461.png,partial,1791,false,true,"{""H7"":523,""M15"":3,""G13"":3,""G21"":87,""F25"":11,""F17"":26,""A23"":164,""F1"":173,""E1"":73,""E14"":728}","[""R23""]",[],[],{},0.453,236.73,
validation100,L041,/tmp/pindou-issue8-100/collection-luna/sxgrocery-pattern-462.png,partial,1569,false,true,"{""H7"":674,""H16"":106,""G17"":214,""H11"":4,""F17"":14,""F23"":6,""E1"":35,""E14"":516}","[""P18"",""P22"",""R13"",""R22""]",[],[],{},0.524,236.73,
validation100,L042,/tmp/pindou-issue8-100/collection-luna/sxgrocery-pattern-463.png,partial,2016,false,true,"{""H7"":199,""C5"":53,""C20"":19,""C19"":5,""B9"":2,""H6"":421,""C7"":16,""C26"":50,""B11"":8,""M12"":11,""G17"":22,""F7"":101,""G10"":18,""F9"":17,""F25"":510,""F17"":75,""E4"":21,""G3"":265,""E12"":9,""E19"":110,""E2"":1,""F14"":5,""E3"":78}","[""P18"",""R23""]",[],[],{},0.607,236.73,
spot100,P001,/tmp/pindou-issue8-v08/charts/P001.png,partial,79,true,true,"{""H7"":77,""C3"":2}",[],[],[],{},0.143,96.38,
spot100,P002,/tmp/pindou-issue8-v08/charts/P002.png,partial,1021,true,true,"{""C1"":341,""H6"":361,""H9"":319}",[],[],[],{},0.618,103.91,
spot100,P003,/tmp/pindou-issue8-v08/charts/P003.png,partial,405,true,true,"{""A20"":12,""A4"":179,""A5"":18,""A6"":57,""F5"":5,""H2"":24,""H7"":110}",[],[],[],{},0.322,83.51,
spot100,P004,/tmp/pindou-issue8-v08/charts/P004.png,partial,1160,true,true,"{""H7"":425,""D10"":175,""D7"":160,""D6"":106,""G10"":147,""G11"":147}",[],[],[],{},0.291,118.42,
spot100,P005,/tmp/pindou-issue8-v08/charts/P005.png,partial,326,false,true,"{""C5"":131,""G13"":9,""F13"":81,""A10"":45,""A25"":20,""A21"":40}","[""P12"",""P16"",""R23"",""R7""]",[],[],{},0.7,142.5,
spot100,P006,/tmp/pindou-issue8-v08/charts/P006.png,partial,1012,false,true,"{""H7"":4,""F11"":57,""F6"":204,""G13"":9,""G11"":58,""G4"":6,""G6"":1,""F3"":93,""A1"":132,""F4"":83,""A14"":9,""G12"":332,""A8"":18,""A21"":6}","[""P16"",""P5"",""R1"",""R22""]",[],[],{},0.545,139.42,
spot100,P007,/tmp/pindou-issue8-v08/charts/P007.png,partial,1391,false,true,"{""H7"":296,""B15"":167,""B23"":137,""B11"":158,""G14"":52,""B26"":64,""B32"":168,""G7"":26,""B16"":34,""B27"":104,""G11"":99,""B24"":11,""G12"":50,""A2"":25}","[""R22"",""R23""]",[],[],{},0.526,143.05,
spot100,P008,/tmp/pindou-issue8-v08/charts/P008.png,partial,655,false,true,"{""H7"":245,""G10"":163,""A23"":111,""F4"":130,""F1"":6}","[""R1""]",[],[],{},0.672,128.71,
spot100,P009,/tmp/pindou-issue8-v08/charts/P009.png,partial,1466,false,true,"{""H7"":452,""B9"":43,""D22"":88,""C29"":9,""C26"":5,""D25"":64,""M12"":89,""C22"":29,""D24"":36,""G17"":12,""D2"":15,""D7"":393,""C25"":26,""C2"":101,""D1"":9,""C13"":11,""C14"":57,""C1"":27}","[""P1"",""P12"",""Q3"",""R14"",""R23""]",[],[],{},0.601,142.16,
spot100,P010,/tmp/pindou-issue8-v08/charts/P010.png,partial,590,false,true,"{""H7"":3,""C22"":5,""E21"":8,""C21"":5,""E4"":84,""F1"":2,""E19"":147,""E2"":286,""F14"":2,""E3"":33,""G2"":15}","[""R22""]",[],[],{},0.521,136.72,
spot100,P011,/tmp/pindou-issue8-v08/charts/P011.png,partial,505,false,true,"{""H7"":240,""B12"":14,""B8"":24,""B9"":6,""B25"":1,""B31"":46,""F17"":12,""F23"":24,""A8"":44,""G1"":94}","[""R1"",""R5""]",[],[],{},0.3,109.95,
spot100,P012,/tmp/pindou-issue8-v08/charts/P012.png,partial,1280,false,true,"{""H7"":154,""B22"":10,""C18"":15,""C15"":18,""B19"":44,""B9"":8,""B15"":30,""B17"":55,""B32"":24,""B28"":127,""C2"":309,""B31"":42,""H14"":48,""B18"":172,""C1"":49,""B24"":80,""A1"":10,""E1"":22,""H18"":3,""A2"":60}","[""P12"",""P6"",""Q3"",""R17"",""R5""]",[],[],{},0.778,159.73,
spot100,P013,/tmp/pindou-issue8-v08/charts/P013.png,partial,997,false,true,"{""H16"":251,""H6"":37,""F11"":57,""M15"":47,""H4"":23,""F7"":6,""H3"":228,""F8"":36,""H22"":219,""G3"":18,""E11"":75}","[""P22""]",[],[],{},0.363,120.46,
spot100,P014,/tmp/pindou-issue8-v08/charts/P014.png,partial,1239,false,true,"{""C8"":11,""C20"":131,""B8"":298,""D15"":209,""C9"":21,""C29"":90,""D10"":164,""C7"":27,""D25"":24,""C6"":26,""B4"":85,""D24"":59,""D7"":21,""D6"":14,""B31"":27,""D9"":32}","[""P10"",""R5"",""R8""]",[],[],{},0.518,139.39,
spot100,P015,/tmp/pindou-issue8-v08/charts/P015.png,partial,2573,true,true,"{""H7"":18,""B21"":6,""C20"":66,""H16"":781,""C15"":187,""C11"":26,""C22"":87,""C2"":1050,""M1"":21,""M5"":15,""F17"":3,""F21"":52,""E14"":261}",[],[],[],{},0.821,182.27,
spot100,P016,/tmp/pindou-issue8-v08/charts/P016.png,partial,2566,false,true,"{""H7"":14,""C12"":303,""C18"":239,""B9"":5,""B15"":220,""H6"":458,""H5"":78,""B25"":380,""M3"":1,""M15"":1,""G17"":2,""H4"":116,""F6"":6,""H20"":40,""F7"":8,""H23"":7,""M7"":1,""H3"":93,""E21"":1,""H11"":285,""G10"":21,""M4"":15,""F25"":13,""A23"":2,""H9"":2,""G3"":72,""H19"":15,""A6"":24,""A26"":3,""E14"":13,""A20"":127,""H21"":1}","[""P15"",""P16"",""P2"",""P22"",""P9"",""R13""]",[],[],{},0.783,161.38,
spot100,P017,/tmp/pindou-issue8-v08/charts/P017.png,partial,777,true,true,"{""H7"":298,""C20"":6,""H16"":1,""C29"":2,""D10"":4,""C7"":4,""C6"":1,""C24"":5,""M11"":88,""C3"":1,""H3"":2,""C27"":1,""D26"":14,""G1"":16,""G18"":334}",[],[],[],{},0.458,131.46,
spot100,P018,/tmp/pindou-issue8-v08/charts/P018.png,partial,841,true,true,"{""H2"":156,""H4"":180,""H7"":505}",[],[],[],{},0.403,86.87,
spot100,P019,/tmp/pindou-issue8-v08/charts/P019.png,partial,736,true,true,"{""B19"":114,""H6"":76,""B25"":14,""F10"":101,""G13"":138,""M4"":61,""G9"":195,""H19"":37}",[],[],[],{},0.312,121.83,
spot100,P020,/tmp/pindou-issue8-v08/charts/P020.png,partial,277,true,true,"{""H7"":141,""B15"":19,""G7"":3,""A1"":29,""F22"":26,""A25"":39,""A21"":20}",[],[],[],{},0.222,104.49,
spot100,P021,/tmp/pindou-issue8-v08/charts/P021.png,partial,852,true,true,"{""H7"":38,""F11"":15,""F6"":151,""B17"":5,""B32"":11,""F25"":418,""F17"":40,""E11"":109,""E1"":58,""E14"":7}",[],[],[],{},0.332,117.0,
spot100,P022,/tmp/pindou-issue8-v08/charts/P022.png,partial,499,false,true,"{""H7"":467,""M15"":32}","[""R13""]",[],[],{},0.213,110.11,
spot100,P023,/tmp/pindou-issue8-v08/charts/P023.png,partial,747,false,true,"{""H7"":274,""H6"":240,""H5"":2,""G17"":111,""M14"":1,""G3"":4,""E1"":10,""F14"":30,""E14"":75}","[""R13"",""R22"",""R23"",""R25""]",[],[],{},0.483,141.32,
spot100,P024,/tmp/pindou-issue8-v08/charts/P024.png,partial,1334,true,true,"{""C12"":40,""C29"":13,""C9"":258,""H1"":322,""H16"":76,""H4"":254,""H5"":71,""H6"":35,""H7"":195,""M12"":5,""M15"":65}",[],[],[],{},0.429,95.84,
spot100,P025,/tmp/pindou-issue8-v08/charts/P025.png,partial,866,true,true,"{""A4"":81,""A7"":72,""B5"":63,""C7"":72,""D20"":108,""F5"":90,""H7"":380}",[],[],[],{},0.436,96.42,
spot100,P026,/tmp/pindou-issue8-v08/charts/P026.png,partial,1454,true,true,"{""H7"":500,""H16"":194,""B15"":12,""B32"":14,""B16"":8,""F20"":18,""H11"":519,""F21"":8,""E11"":110,""F22"":65,""F14"":6}",[],[],[],{},0.531,151.21,
spot100,P027,/tmp/pindou-issue8-v08/charts/P027.png,partial,1251,true,true,"{""H7"":371,""C20"":246,""C29"":79,""C7"":123,""C26"":122,""C22"":60,""E23"":250}",[],[],[],{},0.361,133.57,
spot100,P028,/tmp/pindou-issue8-v08/charts/P028.png,partial,635,false,true,"{""F11"":70,""G14"":102,""G21"":24,""F8"":85,""F19"":14,""M14"":11,""F20"":17,""F25"":167,""F17"":41,""G3"":68,""H13"":4,""G12"":8,""E14"":24}","[""R22""]",[],[],{},0.356,118.54,
spot100,P029,/tmp/pindou-issue8-v08/charts/P029.png,failed,null,false,true,{},"[""P1"",""P105"",""P17"",""P18"",""P181"",""P201"",""P208"",""P267"",""P92""]",[],[],{},1.587,155.79,
spot100,P030,/tmp/pindou-issue8-v08/charts/P030.png,partial,1689,false,true,"{""H7"":201,""H16"":515,""M15"":6,""H4"":2,""G14"":4,""B26"":1,""H20"":8,""H23"":1,""H3"":2,""G13"":123,""H11"":24,""M5"":2,""F18"":2,""G10"":133,""F25"":42,""F17"":64,""G6"":78,""G5"":5,""F13"":5,""G3"":7,""A14"":4,""F1"":27,""E1"":69,""A6"":53,""A9"":10,""A26"":22,""G12"":1,""E14"":100,""A20"":12,""A25"":65,""A21"":101}","[""P1"",""P16"",""P18"",""P2"",""P5"",""P9"",""R13"",""R21"",""Y2"",""ZG3""]",[],[],{},0.824,161.62,
spot100,P031,/tmp/pindou-issue8-v08/charts/P031.png,partial,1307,false,true,"{""H7"":449,""C20"":218,""B15"":67,""B23"":9,""C29"":100,""B25"":55,""G17"":8,""G14"":45,""H15"":6,""B32"":6,""M9"":58,""H3"":37,""G4"":18,""G16"":125,""G3"":2,""G2"":87,""G1"":17}","[""R22""]",[],[],{},0.557,148.62,
spot100,P032,/tmp/pindou-issue8-v08/charts/P032.png,partial,1377,true,true,"{""A23"":30,""G1"":9,""G11"":20,""G14"":29,""G17"":23,""G18"":66,""G3"":24,""H11"":19,""H16"":48,""H23"":14,""H3"":11,""H4"":13,""H5"":48,""H6"":405,""H9"":37,""M12"":93,""M15"":17,""M4"":187,""M7"":181,""M9"":103}",[],[],[],{},0.744,102.46,
spot100,P033,/tmp/pindou-issue8-v08/charts/P033.png,failed,null,false,true,{},"[""MA17"",""MF11"",""MG10""]",[],[],{},0.981,112.07,
spot100,P034,/tmp/pindou-issue8-v08/charts/P034.png,partial,1997,true,true,"{""H16"":2,""M9"":4,""F9"":7,""F25"":134,""F24"":241,""H8"":622,""F3"":38,""F21"":214,""E15"":501,""E11"":3,""A19"":175,""E1"":5,""F14"":49,""G1"":2}",[],[],[],{},0.802,171.99,
spot100,P035,/tmp/pindou-issue8-v08/charts/P035.png,partial,708,false,true,"{""H7"":363,""C12"":77,""C18"":88,""B19"":94,""B7"":1,""B10"":21,""C1"":64}","[""R14"",""R7""]",[],[],{},0.337,112.77,
spot100,P036,/tmp/pindou-issue8-v08/charts/P036.png,failed,null,false,true,{},"[""P1"",""P17"",""P181"",""P207"",""P208"",""P21""]",[],[],{},0.961,95.23,
spot100,P037,/tmp/pindou-issue8-v08/charts/P037.png,partial,1129,false,true,"{""H7"":370,""B22"":9,""B12"":14,""C18"":20,""B19"":13,""B9"":447,""B15"":36,""B25"":71,""M2"":40,""B32"":9,""B28"":79,""B27"":10,""C1"":11}","[""P6""]",[],[],{},0.603,136.33,
spot100,P038,/tmp/pindou-issue8-v08/charts/P038.png,partial,665,false,true,"{""H7"":272,""C12"":80,""C18"":79,""B19"":128,""B7"":1,""B10"":41,""C1"":64}","[""R14"",""R7""]",[],[],{},0.326,112.62,
spot100,P039,/tmp/pindou-issue8-v08/charts/P039.png,partial,711,false,true,"{""F10"":7,""F6"":31,""G7"":239,""G13"":195,""F8"":18,""F17"":8,""A23"":61,""G16"":48,""F3"":22,""F4"":40,""F14"":42}","[""R1"",""R22""]",[],[],{},0.401,125.41,
spot100,P040,/tmp/pindou-issue8-v08/charts/P040.png,partial,771,true,true,"{""H7"":269,""H6"":14,""F6"":11,""F8"":32,""H22"":4,""F25"":77,""E1"":188,""E14"":61,""A20"":115}",[],[],[],{},0.374,119.09,
spot100,P041,/tmp/pindou-issue8-v08/charts/P041.png,partial,680,true,true,"{""H16"":361,""H9"":319}",[],[],[],{},0.377,102.86,
spot100,P042,/tmp/pindou-issue8-v08/charts/P042.png,partial,488,true,true,"{""A1"":12,""A11"":16,""A5"":154,""B17"":5,""G5"":87,""G6"":22,""G7"":60,""G8"":42,""H12"":40,""H2"":25,""H7"":8,""H9"":17}",[],[],[],{},0.93,82.95,
spot100,P043,/tmp/pindou-issue8-v08/charts/P043.png,partial,704,false,true,"{""H7"":333,""F10"":72,""G10"":14,""F17"":16,""H19"":166,""F4"":76,""A6"":27}","[""P16"",""R1""]",[],[],{},0.401,136.67,
spot100,P044,/tmp/pindou-issue8-v08/charts/P044.png,partial,376,false,true,"{""H7"":79,""F11"":16,""M15"":17,""F7"":8,""H15"":33,""G7"":62,""G13"":28,""F8"":16,""M4"":117}","[""P12"",""R22""]",[],[],{},0.344,111.64,
spot100,P045,/tmp/pindou-issue8-v08/charts/P045.png,partial,1339,false,true,"{""H7"":468,""C20"":175,""H6"":26,""C29"":89,""D10"":165,""M12"":2,""D7"":5,""M9"":54,""M6"":12,""A23"":156,""H13"":183,""E19"":4}","[""ZG3""]",[],[],{},1.197,156.98,
spot100,P046,/tmp/pindou-issue8-v08/charts/P046.png,partial,1868,false,true,"{""H7"":636,""B22"":5,""C20"":35,""C18"":17,""H6"":123,""B25"":72,""M3"":50,""M15"":57,""G17"":209,""M9"":162,""E21"":18,""M14"":11,""H22"":205,""F20"":112,""H11"":20,""A23"":68,""G16"":21,""E1"":13,""G18"":34}","[""R25""]",[],[],{},0.507,144.56,
spot100,P047,/tmp/pindou-issue8-v08/charts/P047.png,partial,290,false,true,"{""H7"":132,""A23"":2,""G1"":49,""G18"":107}","[""P16"",""R23""]",[],[],{},0.213,98.59,
spot100,P048,/tmp/pindou-issue8-v08/charts/P048.png,partial,224,true,true,"{""F5"":55,""F7"":37,""F8"":42,""H14"":40,""H17"":3,""H22"":25,""H5"":14,""H7"":8}",[],[],[],{},0.205,75.85,
spot100,P049,/tmp/pindou-issue8-v08/charts/P049.png,partial,562,false,true,"{""H7"":306,""H3"":25,""E4"":64,""E19"":111,""E2"":56}","[""Q4"",""R13""]",[],[],{},0.363,129.95,
spot100,P050,/tmp/pindou-issue8-v08/charts/P050.png,partial,145,true,true,"{""H7"":126,""H22"":1,""H11"":6,""F25"":12}",[],[],[],{},0.159,96.22,
spot100,P051,/tmp/pindou-issue8-v08/charts/P051.png,partial,829,false,true,"{""B8"":67,""B9"":10,""B15"":36,""F11"":7,""B11"":39,""F6"":25,""B17"":52,""B32"":57,""G7"":11,""B16"":67,""B27"":29,""G11"":45,""G5"":15,""A22"":13,""F3"":15,""A10"":69,""F4"":32,""A14"":101,""A6"":10,""A13"":36,""A26"":41,""A8"":22,""A17"":16,""A2"":14}","[""P16"",""P5"",""R1"",""R22"",""R5""]",[],[],{},0.501,131.56,
spot100,P052,/tmp/pindou-issue8-v08/charts/P052.png,partial,2704,true,true,"{""M12"":188,""F20"":55,""F9"":13,""F17"":40,""H8"":2390,""E1"":18}",[],[],[],{},0.46,144.98,
spot100,P053,/tmp/pindou-issue8-v08/charts/P053.png,partial,552,true,true,"{""H7"":143,""C20"":4,""C18"":6,""H6"":287,""C29"":12,""M15"":1,""H4"":21,""E1"":15,""G1"":6,""G18"":57}",[],[],[],{},0.385,130.58,
spot100,P054,/tmp/pindou-issue8-v08/charts/P054.png,partial,1193,false,true,"{""B8"":63,""B9"":13,""B15"":67,""B25"":16,""B11"":30,""M2"":27,""B17"":70,""B32"":77,""G7"":21,""B29"":114,""B13"":94,""B27"":44,""F9"":23,""F24"":48,""G9"":12,""E4"":22,""F3"":13,""F21"":55,""E15"":76,""F2"":2,""G15"":69,""E19"":68,""E2"":22,""G12"":7,""A16"":69,""A2"":71}","[""R1"",""R22"",""R5""]",[],[],{},0.609,142.84,
spot100,P055,/tmp/pindou-issue8-v08/charts/P055.png,partial,1173,false,true,"{""H7"":270,""F10"":1,""B26"":1,""F6"":631,""H20"":62,""G20"":9,""M8"":3,""H3"":1,""F8"":23,""H11"":2,""G10"":8,""G4"":1,""G5"":2,""F3"":114,""F4"":43,""A8"":2}","[""P16"",""P2"",""P9"",""R1""]",[],[],{},1.061,176.74,
spot100,P056,/tmp/pindou-issue8-v08/charts/P056.png,partial,1269,false,true,"{""H16"":445,""C1"":573,""G6"":6,""H10"":161,""G18"":84}","[""P16"",""R1""]",[],[],{},0.319,120.77,
spot100,P057,/tmp/pindou-issue8-v08/charts/P057.png,partial,2304,true,true,"{""A14"":19,""A20"":421,""A8"":21,""F10"":2,""F13"":11,""G10"":126,""G5"":40,""G7"":8,""H2"":1656}",[],[],[],{},0.762,110.69,
spot100,P058,/tmp/pindou-issue8-v08/charts/P058.png,partial,1541,false,true,"{""H7"":198,""C8"":7,""C20"":110,""C29"":197,""C7"":28,""C6"":23,""F11"":125,""F6"":225,""H15"":101,""B17"":6,""B29"":2,""C13"":43,""F18"":15,""A23"":71,""F13"":63,""F3"":60,""A10"":62,""F4"":57,""A14"":87,""F22"":36,""A12"":21,""A9"":4}","[""P18"",""R1"",""R22"",""R8""]",[],[],{},0.663,156.66,
spot100,P059,/tmp/pindou-issue8-v08/charts/P059.png,partial,689,false,true,"{""H7"":309,""C12"":93,""C18"":82,""B19"":104,""B7"":4,""B10"":33,""C1"":64}","[""R14"",""R7""]",[],[],{},0.306,110.11,
spot100,P060,/tmp/pindou-issue8-v08/charts/P060.png,partial,1698,false,true,"{""H7"":241,""B21"":183,""C15"":51,""H6"":24,""F11"":5,""C22"":34,""H4"":7,""M2"":26,""G7"":2,""H3"":2,""F19"":320,""G9"":26,""A23"":263,""G6"":19,""G16"":183,""A12"":1,""A6"":246,""A18"":47,""A9"":9,""G12"":9}","[""P5"",""R16""]",[],[],{},0.522,141.98,
spot100,P061,/tmp/pindou-issue8-v08/charts/P061.png,partial,594,false,true,"{""C20"":91,""C29"":20,""C26"":14,""B11"":26,""C22"":58,""H15"":30,""B32"":44,""H14"":29,""G11"":17,""G9"":31,""A1"":89,""G12"":22,""A20"":33,""A17"":8,""H18"":82}","[""P16"",""P5"",""R7""]",[],[],{},0.392,112.16,
spot100,P062,/tmp/pindou-issue8-v08/charts/P062.png,partial,2818,false,true,"{""H7"":152,""C12"":6,""C6"":18,""F6"":329,""F8"":395,""F20"":3,""G10"":166,""C1"":1605,""E1"":144}","[""P9"",""R1"",""R24""]",[],[],{},0.491,145.57,
spot100,P063,/tmp/pindou-issue8-v08/charts/P063.png,partial,681,false,true,"{""H7"":285,""F11"":62,""M12"":3,""F10"":5,""F19"":1,""E7"":4,""E4"":13,""F13"":48,""E1"":18,""E18"":31,""G1"":19,""G18"":192}","[""R22""]",[],[],{},0.476,131.07,
spot100,P064,/tmp/pindou-issue8-v08/charts/P064.png,partial,1514,true,true,"{""H7"":299,""F7"":80,""H3"":304,""F8"":49,""E21"":7,""H22"":656,""F9"":18,""E11"":85,""E1"":16}",[],[],[],{},0.465,145.32,
spot100,P065,/tmp/pindou-issue8-v08/charts/P065.png,partial,103,true,true,"{""H7"":89,""H16"":3,""H6"":1,""F6"":4,""A16"":6}",[],[],[],{},0.23,98.21,
spot100,P066,/tmp/pindou-issue8-v08/charts/P066.png,partial,205,true,true,"{""H6"":167,""F19"":16,""E15"":22}",[],[],[],{},0.194,107.07,
spot100,P067,/tmp/pindou-issue8-v08/charts/P067.png,partial,2766,true,true,"{""A11"":177,""A23"":69,""E11"":60,""E16"":119,""G11"":185,""G16"":211,""H11"":75,""H12"":43,""H13"":413,""H17"":76,""H19"":109,""H2"":60,""H4"":284,""H5"":130,""H9"":210,""M15"":94,""M4"":154,""M6"":106,""M7"":136,""M9"":55}",[],[],[],{},1.254,137.59,
spot100,P068,/tmp/pindou-issue8-v08/charts/P068.png,partial,217,true,true,"{""H7"":134,""B19"":12,""G10"":3,""E15"":24,""A19"":44}",[],[],[],{},0.206,104.39,
spot100,P069,/tmp/pindou-issue8-v08/charts/P069.png,partial,3905,false,true,"{""H7"":488,""B22"":126,""B21"":1,""C20"":18,""C12"":12,""H16"":1,""C18"":84,""B9"":136,""B15"":125,""H6"":45,""D10"":23,""H5"":2,""B25"":80,""F11"":6,""M12"":279,""M3"":10,""G8"":3,""M15"":410,""G17"":10,""H4"":445,""F10"":28,""M2"":75,""G14"":20,""B26"":30,""E23"":1,""F6"":27,""H20"":53,""F7"":4,""H23"":16,""M9"":53,""M6"":11,""M7"":4,""H3"":16,""M1"":14,""M14"":5,""F20"":2,""H14"":2,""M5"":144,""G10"":10,""G11"":21,""G4"":30,""F25"":6,""G9"":6,""A23"":1,""H10"":2,""G3"":2,""H13"":790,""A1"":39,""G15"":21,""A14"":18,""A26"":13,""G12"":120,""A25"":4,""A11"":2,""A2"":11}","[""P2"",""P23"",""R13"",""R20"",""R22"",""R25"",""ZG2""]",[],[],{},1.007,164.08,
spot100,P070,/tmp/pindou-issue8-v08/charts/P070.png,partial,1588,false,true,"{""H7"":98,""C20"":107,""C12"":158,""C18"":27,""C7"":61,""F11"":21,""M3"":34,""H4"":15,""F10"":22,""F6"":20,""H20"":126,""H15"":84,""M11"":19,""H3"":64,""H11"":245,""H14"":7,""G4"":6,""A23"":217,""G3"":3,""H13"":16,""H19"":43,""A12"":3,""A8"":74,""H18"":118}","[""P12"",""P18"",""P22"",""R22""]",[],[],{},0.744,153.35,
spot100,P071,/tmp/pindou-issue8-v08/charts/P071.png,partial,1423,false,true,"{""H7"":372,""C20"":5,""B8"":7,""H16"":3,""B15"":5,""H6"":5,""B23"":1,""C29"":51,""C26"":1,""B11"":7,""M15"":13,""H4"":89,""F10"":6,""B26"":33,""F6"":29,""H20"":54,""H23"":5,""B17"":3,""B32"":1,""G20"":2,""M7"":7,""H3"":2,""D11"":1,""M1"":3,""E7"":4,""G5"":1,""H9"":2,""E6"":8,""F13"":39,""A1"":64,""G15"":545,""A6"":4,""A13"":4,""A26"":1,""G1"":46}","[""P16"",""P2"",""P9"",""Q3"",""R13"",""R23"",""R5"",""R8"",""ZG3"",""ZG8""]",[],[],{},0.883,164.86,
spot100,P072,/tmp/pindou-issue8-v08/charts/P072.png,partial,1290,true,true,"{""A19"":2,""C24"":207,""G12"":217,""H17"":250,""H2"":205,""H7"":369,""M15"":40}",[],[],[],{},0.3,93.38,
spot100,P073,/tmp/pindou-issue8-v08/charts/P073.png,partial,230,false,true,"{""H7"":140,""H16"":3,""H6"":2,""H3"":1,""H11"":1,""M5"":1,""G11"":75,""F25"":1,""A1"":4,""E11"":1,""G15"":1}","[""P12""]",[],[],{},0.238,99.88,
spot100,P074,/tmp/pindou-issue8-v08/charts/P074.png,partial,1042,false,true,"{""B11"":19,""F6"":506,""M7"":66,""B29"":13,""F18"":43,""F13"":363,""A10"":32}","[""P5"",""R22"",""R23""]",[],[],{},0.61,149.26,
spot100,P075,/tmp/pindou-issue8-v08/charts/P075.png,partial,566,false,true,"{""H7"":310,""B23"":11,""G14"":26,""F13"":25,""A10"":36,""A14"":139,""A6"":9,""A13"":10}","[""P5""]",[],[],{},0.367,125.21,
spot100,P076,/tmp/pindou-issue8-v08/charts/P076.png,partial,24,true,true,"{""A4"":19,""A7"":4,""H7"":1}",[],[],[],{},0.145,87.67,
spot100,P077,/tmp/pindou-issue8-v08/charts/P077.png,partial,1326,false,true,"{""H7"":482,""M2"":17,""F7"":63,""M9"":64,""E22"":1,""E7"":10,""H22"":170,""E4"":37,""E3"":138,""E18"":344}","[""P22""]",[],[],{},0.44,137.03,
spot100,P078,/tmp/pindou-issue8-v08/charts/P078.png,partial,1036,true,true,"{""A16"":166,""A4"":38,""H2"":597,""H7"":235}",[],[],[],{},0.354,101.28,
spot100,P079,/tmp/pindou-issue8-v08/charts/P079.png,partial,1037,false,true,"{""H7"":411,""B19"":85,""D10"":204,""B7"":3,""D7"":191,""B10"":37,""D6"":106}","[""R14""]",[],[],{},0.331,118.73,
spot100,P080,/tmp/pindou-issue8-v08/charts/P080.png,partial,821,false,true,"{""H7"":6,""F6"":167,""F19"":9,""M14"":25,""F25"":66,""F17"":107,""F23"":38,""F4"":66,""F2"":83,""A14"":9,""F1"":128,""E1"":31,""E14"":86}","[""R1"",""R25""]",[],[],{},0.457,141.5,
spot100,P081,/tmp/pindou-issue8-v08/charts/P081.png,partial,1262,false,true,"{""M15"":30,""G17"":672,""F20"":3,""G10"":14,""G4"":168,""M4"":24,""G3"":69,""H19"":7,""A20"":211,""G1"":64}","[""P22"",""R13""]",[],[],{},0.483,147.13,
spot100,P082,/tmp/pindou-issue8-v08/charts/P082.png,partial,1076,false,true,"{""H7"":471,""B11"":10,""M15"":4,""B26"":15,""G21"":10,""H22"":56,""F25"":10,""F17"":38,""E4"":74,""F21"":12,""E1"":76,""E19"":236,""E2"":57,""A25"":3,""A11"":2,""A21"":2}","[""P22"",""R5""]",[],[],{},0.591,142.38,
spot100,P083,/tmp/pindou-issue8-v08/charts/P083.png,partial,1391,false,true,"{""F11"":12,""F10"":25,""B26"":10,""F6"":258,""G7"":72,""G13"":83,""G10"":80,""G9"":31,""H8"":116,""G12"":67,""H21"":36,""H18"":601}","[""R22"",""R23""]",[],[],{},0.468,153.77,
spot100,P084,/tmp/pindou-issue8-v08/charts/P084.png,partial,1774,true,true,"{""H11"":45,""H14"":817,""H17"":53,""H19"":108,""H23"":128,""H3"":21,""H4"":58,""H5"":205,""H9"":92,""M1"":29,""M15"":97,""M7"":121}",[],[],[],{},0.796,116.05,
spot100,P085,/tmp/pindou-issue8-v08/charts/P085.png,partial,1808,true,true,"{""D3"":1383,""H2"":425}",[],[],[],{},0.306,103.74,
spot100,P086,/tmp/pindou-issue8-v08/charts/P086.png,partial,1089,false,true,"{""H7"":149,""B15"":42,""F11"":34,""H4"":8,""F10"":20,""F6"":98,""H20"":3,""B32"":2,""G20"":1,""H3"":2,""F8"":6,""M10"":1,""F20"":1,""D19"":57,""G9"":26,""G6"":11,""F13"":27,""A22"":76,""F23"":7,""F3"":6,""A10"":71,""A1"":60,""F4"":25,""G15"":224,""A14"":16,""A6"":28,""A13"":2,""A26"":53,""G12"":6,""A20"":15,""A25"":1,""A21"":11}","[""P16"",""P18"",""R1"",""R22""]",[],[],{},0.714,147.43,
spot100,P087,/tmp/pindou-issue8-v08/charts/P087.png,partial,1059,true,true,"{""C29"":24,""G8"":186,""H2"":475,""M4"":374}",[],[],[],{},0.357,97.12,
spot100,P088,/tmp/pindou-issue8-v08/charts/P088.png,partial,1224,false,true,"{""H6"":361,""C22"":61,""B10"":17,""F9"":100,""F24"":63,""E4"":52,""C1"":1,""F21"":416,""F1"":10,""F14"":13,""E14"":18,""E16"":112}","[""P6"",""R14""]",[],[],{},0.524,137.12,
spot100,P089,/tmp/pindou-issue8-v08/charts/P089.png,partial,2714,true,true,"{""F6"":59,""H2"":908,""H4"":67,""H7"":1680}",[],[],[],{},0.794,132.95,
spot100,P090,/tmp/pindou-issue8-v08/charts/P090.png,partial,527,false,true,"{""H7"":79,""H16"":1,""F11"":16,""G17"":1,""F6"":181,""H11"":1,""D12"":4,""E4"":1,""G1"":11,""G18"":232}","[""R22""]",[],[],{},0.39,128.86,
spot100,P091,/tmp/pindou-issue8-v08/charts/P091.png,partial,867,false,true,"{""B26"":14,""B32"":285,""B14"":39,""B31"":166,""B13"":34,""C1"":85,""H13"":93,""E11"":151}","[""P3"",""R22"",""ZG2""]",[],[],{},0.411,131.66,
spot100,P092,/tmp/pindou-issue8-v08/charts/P092.png,partial,501,false,true,"{""H7"":6,""F11"":16,""F10"":72,""G7"":4,""G13"":14,""G10"":142,""G11"":10,""H19"":2,""A6"":10,""A13"":21,""A20"":195,""A25"":6,""A17"":3}","[""P16"",""P5"",""R23""]",[],[],{},0.443,131.11,
spot100,P093,/tmp/pindou-issue8-v08/charts/P093.png,partial,2298,false,true,"{""H7"":325,""B22"":52,""C18"":38,""H6"":194,""F11"":10,""M3"":96,""G17"":8,""F6"":328,""M7"":84,""G21"":29,""E21"":8,""F18"":16,""G4"":6,""F25"":628,""A23"":235,""G3"":223,""E14"":16,""G1"":2}","[""P22"",""R22"",""R23""]",[],[],{},0.749,156.94,
spot100,P094,/tmp/pindou-issue8-v08/charts/P094.png,partial,45,false,true,"{""D10"":24,""D4"":21}","[""R1""]",[],[],{},0.291,94.98,
spot100,P095,/tmp/pindou-issue8-v08/charts/P095.png,partial,2046,false,true,"{""F11"":105,""B11"":40,""F6"":434,""B17"":15,""B14"":12,""B29"":31,""B18"":30,""F13"":159,""A22"":28,""A10"":421,""A1"":184,""F4"":21,""A6"":18,""A13"":91,""A26"":114,""A20"":62,""A25"":174,""A8"":107}","[""P5"",""R1""]",[],[],{},0.724,154.26,
spot100,P096,/tmp/pindou-issue8-v08/charts/P096.png,partial,1081,false,true,"{""H7"":166,""C8"":1,""C20"":14,""H6"":118,""C26"":85,""M3"":120,""H15"":267,""H3"":26,""G21"":2,""E21"":4,""M14"":7,""H11"":202,""G1"":11,""G18"":58}","[""P22"",""R13"",""R8"",""ZG3""]",[],[],{},0.554,146.72,
spot100,P097,/tmp/pindou-issue8-v08/charts/P097.png,partial,351,false,true,"{""H7"":143,""H4"":6,""G14"":18,""H3"":164,""F9"":6,""H9"":14}","[""R22""]",[],[],{},0.285,116.71,
spot100,P098,/tmp/pindou-issue8-v08/charts/P098.png,partial,1401,true,true,"{""H7"":583,""H6"":333,""M12"":2,""H4"":19,""F7"":72,""M7"":21,""G21"":40,""F8"":10,""F25"":115,""F24"":4,""G3"":192,""F12"":10}",[],[],[],{},0.506,150.31,
spot100,P099,/tmp/pindou-issue8-v08/charts/P099.png,partial,632,false,true,"{""H6"":260,""F11"":44,""M14"":7,""F20"":45,""F4"":63,""F1"":3,""E1"":72,""A6"":28,""F14"":15,""E14"":95}","[""R1""]",[],[],{},0.402,128.16,
spot100,P100,/tmp/pindou-issue8-v08/charts/P100.png,partial,133,false,true,"{""H7"":98,""C3"":18,""F4"":17}","[""R1"",""R22"",""Y4""]",[],[],{},0.189,99.99,
